sido,sigungu,general_hosp,hosp,clinic,pharmacy,pediatrics,obgyn,pediatrics_specialist,obgyn_specialist,dental_clinic,korean_clinic,public_health,midwifery,total_medical_institutions,sido_short,sido_code,sigungu_code,sigungu_addr,data_month
서울특별시,강남구,4,60,2161,562,244,190,67,117,523,394,1,0,3143,서울,110000,110001,강남구,2026-06
서울특별시,강동구,3,35,488,309,135,50,40,36,249,196,1,0,972,서울,110000,110002,강동구,2026-06
서울특별시,강서구,4,37,495,291,211,58,39,32,246,204,1,0,987,서울,110000,110003,강서구,2026-06
서울특별시,관악구,1,18,359,239,128,55,24,29,204,138,1,0,721,서울,110000,110004,관악구,2026-06
서울특별시,구로구,2,21,309,203,139,47,26,25,172,119,2,0,625,서울,110000,110005,구로구,2026-06
서울특별시,도봉구,1,17,176,122,83,18,17,11,106,84,1,0,385,서울,110000,110006,도봉구,2026-06
서울특별시,동대문구,4,26,297,259,125,38,22,26,167,148,1,1,644,서울,110000,110007,동대문구,2026-06
서울특별시,동작구,2,10,296,204,124,36,19,20,173,133,1,0,615,서울,110000,110008,동작구,2026-06
서울특별시,마포구,0,15,442,232,126,38,23,27,194,146,1,0,798,서울,110000,110009,마포구,2026-06
서울특별시,서대문구,2,11,221,164,79,22,13,15,127,93,2,0,456,서울,110000,110010,서대문구,2026-06
서울특별시,성동구,2,10,255,167,109,32,21,16,126,100,1,0,494,서울,110000,110011,성동구,2026-06
서울특별시,성북구,1,16,272,205,109,30,23,17,150,120,3,0,562,서울,110000,110012,성북구,2026-06
서울특별시,영등포구,7,23,440,287,146,53,28,32,233,156,1,0,860,서울,110000,110013,영등포구,2026-06
서울특별시,용산구,1,1,173,115,64,30,14,15,96,62,1,1,335,서울,110000,110014,용산구,2026-06
서울특별시,은평구,2,21,344,236,154,37,24,18,193,158,4,0,722,서울,110000,110015,은평구,2026-06
서울특별시,종로구,4,6,206,197,53,28,10,17,145,112,1,0,474,서울,110000,110016,종로구,2026-06
서울특별시,중구,1,8,322,196,60,34,7,24,186,99,1,1,618,서울,110000,110017,중구,2026-06
서울특별시,송파구,2,43,687,416,256,76,54,45,333,272,2,0,1339,서울,110000,110018,송파구,2026-06
서울특별시,중랑구,3,17,279,197,131,32,24,18,165,119,1,0,584,서울,110000,110019,중랑구,2026-06
서울특별시,양천구,3,16,335,198,107,31,30,24,192,154,1,0,701,서울,110000,110020,양천구,2026-06
서울특별시,서초구,2,29,982,324,150,96,38,58,315,271,3,0,1602,서울,110000,110021,서초구,2026-06
서울특별시,노원구,3,19,398,233,124,43,32,29,198,147,2,0,767,서울,110000,110022,노원구,2026-06
서울특별시,광진구,2,11,314,202,136,40,18,25,154,121,1,0,603,서울,110000,110023,광진구,2026-06
서울특별시,강북구,2,15,241,167,116,27,13,14,122,95,1,0,476,서울,110000,110024,강북구,2026-06
서울특별시,금천구,1,14,176,143,73,18,12,12,109,74,1,0,375,서울,110000,110025,금천구,2026-06
부산광역시,부산남구,1,19,192,118,66,18,15,11,105,92,1,0,410,부산,210000,210001,남구,2026-06
부산광역시,부산동구,3,14,72,67,33,10,5,7,33,35,1,0,158,부산,210000,210002,동구,2026-06
부산광역시,부산동래구,4,40,226,155,105,35,27,23,144,118,1,0,533,부산,210000,210003,동래구,2026-06
부산광역시,부산진구,4,40,486,235,120,42,26,26,181,159,1,0,871,부산,210000,210004,부산진구,2026-06
부산광역시,부산북구,2,27,183,111,74,21,20,14,93,82,2,0,389,부산,210000,210005,북구,2026-06
부산광역시,부산서구,4,10,61,100,26,13,9,8,35,28,1,0,139,부산,210000,210006,서구,2026-06
부산광역시,부산영도구,2,7,72,54,27,13,6,9,26,28,1,0,136,부산,210000,210007,영도구,2026-06
부산광역시,부산중구,1,6,70,56,17,6,2,3,37,25,1,0,140,부산,210000,210008,중구,2026-06
부산광역시,부산해운대구,2,31,374,182,121,37,30,25,165,136,3,0,711,부산,210000,210009,해운대구,2026-06
부산광역시,부산사하구,0,46,207,134,108,21,20,16,103,80,1,0,437,부산,210000,210010,사하구,2026-06
부산광역시,부산금정구,0,31,159,109,86,22,12,9,94,82,1,0,367,부산,210000,210011,금정구,2026-06
부산광역시,부산강서구,0,8,58,48,29,6,11,3,32,23,8,0,129,부산,210000,210012,강서구,2026-06
부산광역시,부산연제구,1,30,190,110,83,22,20,11,97,82,1,0,401,부산,210000,210013,연제구,2026-06
부산광역시,부산수영구,3,18,148,102,57,17,13,12,86,80,1,1,337,부산,210000,210014,수영구,2026-06
부산광역시,부산사상구,2,30,113,80,44,13,11,10,58,44,1,0,248,부산,210000,210015,사상구,2026-06
부산광역시,부산기장군,1,13,100,72,54,11,12,7,49,39,7,0,209,부산,210000,210100,기장군,2026-06
인천광역시,인천미추홀구,2,40,248,206,105,22,20,15,139,96,3,0,528,인천,220000,220001,미추홀구,2026-06
인천광역시,인천동구,2,0,42,34,25,6,3,3,25,17,1,0,87,인천,220000,220002,동구,2026-06
인천광역시,인천부평구,3,23,348,250,163,32,30,24,182,123,2,1,682,인천,220000,220003,부평구,2026-06
인천광역시,인천중구,2,11,71,75,36,9,7,5,42,19,3,0,148,인천,220000,220004,중구,2026-06
인천광역시,인천서구,5,38,343,214,191,41,46,28,185,120,2,0,693,인천,220000,220005,서구,2026-06
인천광역시,인천남동구,2,43,371,241,151,42,33,21,194,147,1,0,758,인천,220000,220006,남동구,2026-06
인천광역시,인천연수구,2,16,274,146,115,22,27,15,137,90,2,0,521,인천,220000,220007,연수구,2026-06
인천광역시,인천계양구,2,25,169,125,86,20,23,13,110,72,2,0,380,인천,220000,220008,계양구,2026-06
인천광역시,인천강화군,1,4,20,28,12,5,2,3,16,19,27,0,87,인천,220000,220100,강화군,2026-06
인천광역시,인천옹진군,0,1,3,2,2,1,0,1,3,1,19,0,27,인천,220000,220200,옹진군,2026-06
대구광역시,대구남구,3,15,116,109,39,8,9,7,59,64,1,0,258,대구,230000,230001,남구,2026-06
대구광역시,대구동구,2,21,258,195,130,31,23,16,109,117,1,0,508,대구,230000,230002,동구,2026-06
대구광역시,대구북구,2,40,279,209,156,39,28,21,147,131,2,0,601,대구,230000,230003,북구,2026-06
대구광역시,대구서구,2,21,122,109,62,11,11,9,57,68,1,0,271,대구,230000,230004,서구,2026-06
대구광역시,대구수성구,1,34,464,247,125,32,42,27,193,226,1,0,919,대구,230000,230005,수성구,2026-06
대구광역시,대구중구,3,18,286,163,50,30,11,19,104,68,1,0,480,대구,230000,230006,중구,2026-06
대구광역시,대구달서구,6,46,429,284,131,45,39,35,216,175,1,0,873,대구,230000,230007,달서구,2026-06
대구광역시,대구달성군,0,15,126,96,89,14,19,6,67,61,16,0,285,대구,230000,230100,달성군,2026-06
대구광역시,대구군위군,0,0,8,7,7,0,0,0,3,6,18,0,35,대구,230000,230200,군위군,2026-06
대전광역시,대전유성구,1,27,237,162,116,24,25,17,122,121,6,0,514,대전,250000,250001,유성구,2026-06
대전광역시,대전대덕구,2,9,103,93,63,13,9,9,54,48,2,0,218,대전,250000,250002,대덕구,2026-06
대전광역시,대전서구,3,45,471,265,161,53,32,40,232,177,4,0,932,대전,250000,250003,서구,2026-06
대전광역시,대전동구,1,22,165,126,84,11,9,9,70,83,3,0,344,대전,250000,250004,동구,2026-06
대전광역시,대전중구,3,19,170,152,61,11,9,6,85,82,2,1,362,대전,250000,250005,중구,2026-06
울산광역시,울산남구,3,44,298,162,71,34,19,28,165,109,1,0,620,울산,260000,260001,남구,2026-06
울산광역시,울산동구,1,5,88,72,39,9,7,5,44,35,1,0,174,울산,260000,260002,동구,2026-06
울산광역시,울산중구,2,8,108,82,57,12,13,9,69,47,1,0,235,울산,260000,260003,중구,2026-06
울산광역시,울산북구,2,12,81,59,49,9,15,6,56,37,3,0,191,울산,260000,260004,북구,2026-06
울산광역시,울산울주군,1,18,79,70,54,12,8,6,48,47,17,0,210,울산,260000,260100,울주군,2026-06
경기도,가평군,0,8,27,27,20,6,0,1,23,15,21,0,94,경기,310000,310001,가평군,2026-06
경기도,양평군,0,11,47,48,25,4,3,3,32,32,27,0,149,경기,310000,310009,양평군,2026-06
경기도,연천군,0,1,16,24,8,2,1,2,14,8,15,0,54,경기,310000,310011,연천군,2026-06
경기도,광명시,2,11,247,144,109,21,23,15,134,93,1,0,488,경기,310000,310100,광명시,2026-06
경기도,동두천시,0,10,40,39,19,5,4,4,28,14,1,0,93,경기,310000,310200,동두천시,2026-06
경기도,부천소사구,1,13,136,105,74,14,13,7,72,58,1,0,281,경기,310000,310301,부천시 소사구,2026-06
경기도,부천오정구,1,13,90,77,66,9,10,6,49,37,1,0,191,경기,310000,310302,부천시 오정구,2026-06
경기도,부천원미구,3,36,340,232,133,36,24,23,182,139,1,1,702,경기,310000,310303,부천시 원미구,2026-06
경기도,성남수정구,2,16,254,147,105,24,25,18,141,94,1,0,508,경기,310000,310401,성남시 수정구,2026-06
경기도,성남중원구,1,8,159,104,74,15,16,8,89,70,1,0,328,경기,310000,310402,성남시 중원구,2026-06
경기도,성남분당구,4,25,570,286,151,58,39,41,267,214,2,0,1082,경기,310000,310403,성남시 분당구,2026-06
경기도,수원권선구,2,15,172,143,102,19,25,10,111,79,1,0,380,경기,310000,310601,수원시 권선구,2026-06
경기도,수원장안구,1,13,159,121,84,10,17,7,107,77,1,0,358,경기,310000,310602,수원시 장안구,2026-06
경기도,수원팔달구,3,26,273,167,76,27,16,20,120,100,1,0,523,경기,310000,310603,수원시 팔달구,2026-06
경기도,수원영통구,1,18,268,166,104,28,31,18,145,108,1,0,541,경기,310000,310604,수원시 영통구,2026-06
경기도,안양만안구,2,9,141,114,65,11,10,8,95,62,1,0,310,경기,310000,310701,안양시 만안구,2026-06
경기도,안양동안구,1,18,301,179,114,31,23,20,174,128,1,2,625,경기,310000,310702,안양시 동안구,2026-06
경기도,의정부시,5,34,312,219,129,31,25,19,172,103,1,0,627,경기,310000,310800,의정부시,2026-06
경기도,과천시,0,1,63,34,19,3,5,3,29,25,1,0,119,경기,310000,310900,과천시,2026-06
경기도,구리시,1,15,169,107,64,13,15,9,100,65,1,0,351,경기,310000,311000,구리시,2026-06
경기도,안산단원구,3,39,249,181,88,31,22,23,124,85,5,0,505,경기,310000,311101,안산시 단원구,2026-06
경기도,안산상록구,2,18,130,122,90,19,16,10,85,63,2,0,300,경기,310000,311102,안산시 상록구,2026-06
경기도,평택시,4,29,330,265,155,29,34,20,201,120,22,1,707,경기,310000,311200,평택시,2026-06
경기도,하남시,0,18,241,131,113,24,31,16,107,90,2,0,458,경기,310000,311300,하남시,2026-06
경기도,군포시,2,10,149,115,72,14,16,10,102,75,2,0,340,경기,310000,311400,군포시,2026-06
경기도,남양주시,2,42,402,289,206,42,50,27,232,156,7,0,841,경기,310000,311500,남양주시,2026-06
경기도,의왕시,0,9,74,52,44,4,10,1,52,33,2,1,171,경기,310000,311600,의왕시,2026-06
경기도,시흥시,3,37,290,191,167,38,40,23,163,75,3,0,571,경기,310000,311700,시흥시,2026-06
경기도,오산시,1,17,116,102,70,14,16,5,82,46,1,0,263,경기,310000,311800,오산시,2026-06
경기도,고양덕양구,2,27,307,213,137,39,35,22,142,133,1,0,612,경기,310000,311901,고양시 덕양구,2026-06
경기도,고양일산서구,1,13,194,134,82,13,15,8,94,88,1,0,391,경기,310000,311902,고양시 일산서구,2026-06
경기도,고양일산동구,4,30,187,149,55,24,21,18,105,67,1,0,394,경기,310000,311903,고양시 일산동구,2026-06
경기도,용인기흥구,2,27,238,168,122,27,33,15,144,90,3,0,504,경기,310000,312001,용인시 기흥구,2026-06
경기도,용인수지구,0,14,238,151,108,24,26,13,134,101,1,0,488,경기,310000,312002,용인시 수지구,2026-06
경기도,용인처인구,2,15,124,101,72,10,15,6,92,46,13,0,292,경기,310000,312003,용인시 처인구,2026-06
경기도,이천시,1,12,119,105,59,13,11,8,63,52,22,0,269,경기,310000,312100,이천시,2026-06
경기도,파주시,2,40,242,174,124,25,29,14,148,92,15,0,539,경기,310000,312200,파주시,2026-06
경기도,김포시,2,33,246,161,130,20,37,15,159,101,14,0,555,경기,310000,312300,김포시,2026-06
경기도,안성시,2,12,88,90,41,11,11,7,59,35,25,0,221,경기,310000,312400,안성시,2026-06
경기도,화성시,0,0,0,0,0,0,0,0,0,0,2,0,2,경기,310000,312500,화성시,2026-06
경기도,화성만세구,2,16,113,97,63,16,13,7,77,47,15,0,270,경기,310000,312501,화성시 만세구,2026-06
경기도,화성효행구,0,3,65,53,39,9,7,5,38,25,8,0,139,경기,310000,312502,화성시 효행구,2026-06
경기도,화성병점구,1,6,76,57,34,9,7,5,40,34,1,0,158,경기,310000,312503,화성시 병점구,2026-06
경기도,화성동탄구,1,13,249,136,99,26,35,17,118,84,1,0,466,경기,310000,312504,화성시 동탄구,2026-06
경기도,광주시,1,11,168,131,97,18,24,10,95,74,15,0,364,경기,310000,312600,광주시,2026-06
경기도,양주시,0,19,124,101,72,17,19,6,64,39,6,0,252,경기,310000,312700,양주시,2026-06
경기도,포천시,2,7,64,58,40,10,7,7,46,23,17,0,159,경기,310000,312800,포천시,2026-06
경기도,여주시,1,10,51,52,30,10,5,5,33,26,21,0,142,경기,310000,312900,여주시,2026-06
강원특별자치도,고성군,0,0,7,12,4,1,0,0,6,6,13,0,32,강원,320000,320001,고성군,2026-06
강원특별자치도,양구군,0,3,5,7,7,2,2,1,5,3,8,0,24,강원,320000,320004,양구군,2026-06
강원특별자치도,양양군,0,0,6,11,1,1,0,1,5,4,11,0,26,강원,320000,320005,양양군,2026-06
강원특별자치도,영월군,1,2,10,17,10,2,1,1,8,4,13,0,38,강원,320000,320006,영월군,2026-06
강원특별자치도,인제군,0,2,5,11,6,3,2,2,9,7,11,0,34,강원,320000,320008,인제군,2026-06
강원특별자치도,정선군,0,2,8,15,5,2,1,1,5,5,19,0,39,강원,320000,320009,정선군,2026-06
강원특별자치도,철원군,0,2,17,18,14,4,2,2,10,10,12,0,51,강원,320000,320010,철원군,2026-06
강원특별자치도,평창군,0,1,14,18,11,1,0,1,12,9,22,0,58,강원,320000,320012,평창군,2026-06
강원특별자치도,홍천군,1,3,28,27,13,4,2,3,17,13,26,0,88,강원,320000,320013,홍천군,2026-06
강원특별자치도,화천군,0,0,10,8,8,2,2,1,8,5,11,0,34,강원,320000,320014,화천군,2026-06
강원특별자치도,횡성군,0,2,13,18,4,0,1,0,9,12,17,0,53,강원,320000,320015,횡성군,2026-06
강원특별자치도,강릉시,4,7,122,96,43,15,14,13,67,58,17,0,275,강원,320000,320100,강릉시,2026-06
강원특별자치도,동해시,2,4,48,38,25,7,5,5,30,20,2,0,106,강원,320000,320200,동해시,2026-06
강원특별자치도,속초시,2,3,69,42,19,10,7,8,37,23,1,0,135,강원,320000,320300,속초시,2026-06
강원특별자치도,원주시,2,31,239,191,98,24,24,16,111,112,18,0,513,강원,320000,320400,원주시,2026-06
강원특별자치도,춘천시,2,18,181,144,72,21,16,17,88,67,24,0,380,강원,320000,320500,춘천시,2026-06
강원특별자치도,태백시,1,2,22,19,12,4,2,2,10,7,3,0,45,강원,320000,320600,태백시,2026-06
강원특별자치도,삼척시,1,2,24,30,13,2,3,2,13,11,15,0,66,강원,320000,320700,삼척시,2026-06
충청북도,괴산군,0,4,8,12,7,3,1,1,6,5,30,0,53,충북,330000,330001,괴산군,2026-06
충청북도,단양군,0,1,7,9,6,2,0,0,7,4,23,0,42,충북,330000,330002,단양군,2026-06
충청북도,보은군,0,5,13,15,12,2,1,1,7,8,23,0,56,충북,330000,330003,보은군,2026-06
충청북도,영동군,0,4,26,25,14,2,1,1,10,13,28,0,81,충북,330000,330004,영동군,2026-06
충청북도,옥천군,1,4,28,22,19,4,1,2,14,12,25,0,84,충북,330000,330005,옥천군,2026-06
충청북도,음성군,1,6,45,45,31,2,5,2,28,21,28,0,129,충북,330000,330006,음성군,2026-06
충청북도,진천군,1,3,42,40,29,5,5,2,25,18,14,0,103,충북,330000,330009,진천군,2026-06
충청북도,증평군,0,2,21,24,6,1,1,1,12,11,3,0,49,충북,330000,330011,증평군,2026-06
충청북도,청주상당구,2,10,134,96,51,15,14,12,68,57,17,0,288,충북,330000,330101,청주시 상당구,2026-06
충청북도,청주흥덕구,2,15,194,137,65,19,17,13,101,78,9,0,399,충북,330000,330102,청주시 흥덕구,2026-06
충청북도,청주청원구,1,12,98,75,40,7,6,6,55,43,11,1,221,충북,330000,330103,청주시 청원구,2026-06
충청북도,청주서원구,2,15,112,94,58,20,11,14,52,52,5,0,238,충북,330000,330104,청주시 서원구,2026-06
충청북도,충주시,2,14,125,95,60,13,10,11,54,51,30,0,276,충북,330000,330200,충주시,2026-06
충청북도,제천시,2,8,81,56,36,12,6,9,45,38,20,0,194,충북,330000,330300,제천시,2026-06
충청남도,금산군,0,3,35,35,17,2,1,1,11,18,19,0,86,충남,340000,340002,금산군,2026-06
충청남도,부여군,0,6,29,35,18,4,1,2,18,13,37,0,103,충남,340000,340007,부여군,2026-06
충청남도,서천군,0,6,28,27,16,3,1,3,13,13,28,0,88,충남,340000,340009,서천군,2026-06
충청남도,예산군,1,2,39,39,13,5,2,3,22,18,29,0,111,충남,340000,340012,예산군,2026-06
충청남도,청양군,0,2,9,13,8,2,1,2,7,8,23,0,49,충남,340000,340014,청양군,2026-06
충청남도,홍성군,1,6,51,46,28,4,5,4,30,26,25,0,139,충남,340000,340015,홍성군,2026-06
충청남도,태안군,0,3,27,28,16,2,1,1,14,12,23,0,79,충남,340000,340016,태안군,2026-06
충청남도,천안서북구,1,44,241,175,116,39,24,24,129,105,12,0,532,충남,340000,340201,천안시 서북구,2026-06
충청남도,천안동남구,3,18,140,140,73,19,12,13,77,67,20,0,325,충남,340000,340202,천안시 동남구,2026-06
충청남도,공주시,1,13,63,59,11,7,5,7,29,33,30,0,169,충남,340000,340300,공주시,2026-06
충청남도,보령시,1,5,58,49,23,10,4,5,26,28,28,0,146,충남,340000,340400,보령시,2026-06
충청남도,아산시,1,23,168,135,82,22,16,9,99,64,28,0,383,충남,340000,340500,아산시,2026-06
충청남도,서산시,2,3,85,75,31,11,6,5,55,37,26,0,208,충남,340000,340600,서산시,2026-06
충청남도,논산시,1,14,73,65,44,8,4,5,38,38,40,0,204,충남,340000,340700,논산시,2026-06
충청남도,계룡시,0,2,23,19,13,2,2,1,15,14,3,1,58,충남,340000,340800,계룡시,2026-06
충청남도,당진시,1,9,85,76,36,6,7,4,43,34,31,0,203,충남,340000,340900,당진시,2026-06
전북특별자치도,고창군,1,6,27,22,9,6,1,2,12,10,37,0,93,전북,350000,350001,고창군,2026-06
전북특별자치도,무주군,0,1,9,11,9,0,2,0,5,7,15,0,37,전북,350000,350004,무주군,2026-06
전북특별자치도,부안군,1,5,24,29,5,2,1,2,16,14,23,0,83,전북,350000,350005,부안군,2026-06
전북특별자치도,순창군,0,3,15,13,10,1,0,1,7,7,28,0,60,전북,350000,350006,순창군,2026-06
전북특별자치도,완주군,0,8,54,43,28,6,7,1,20,24,27,0,133,전북,350000,350008,완주군,2026-06
전북특별자치도,임실군,0,2,14,13,6,3,0,0,7,8,32,0,63,전북,350000,350010,임실군,2026-06
전북특별자치도,장수군,0,0,7,9,4,0,0,0,5,4,17,0,33,전북,350000,350011,장수군,2026-06
전북특별자치도,진안군,0,2,10,9,7,3,1,0,5,5,23,0,45,전북,350000,350013,진안군,2026-06
전북특별자치도,군산시,2,18,168,141,53,16,17,14,81,68,30,0,367,전북,350000,350100,군산시,2026-06
전북특별자치도,남원시,1,6,57,39,28,6,4,3,20,15,41,0,140,전북,350000,350200,남원시,2026-06
전북특별자치도,익산시,2,21,179,165,76,21,13,14,92,77,40,0,411,전북,350000,350300,익산시,2026-06
전북특별자치도,전주완산구,2,51,302,225,78,30,20,22,161,122,2,0,640,전북,350000,350401,전주시 완산구,2026-06
전북특별자치도,전주덕진구,3,33,234,180,88,28,25,22,122,84,3,0,479,전북,350000,350402,전주시 덕진구,2026-06
전북특별자치도,정읍시,2,9,74,63,33,13,5,8,35,29,42,0,191,전북,350000,350500,정읍시,2026-06
전북특별자치도,김제시,0,12,51,42,30,9,4,4,19,20,40,0,142,전북,350000,350600,김제시,2026-06
전남광주통합특별시,강진군,1,1,19,14,11,2,1,2,8,7,18,1,55,전남,360000,360001,강진군,2026-06
전남광주통합특별시,고흥군,1,4,31,30,19,6,1,2,14,10,45,0,105,전남,360000,360002,고흥군,2026-06
전남광주통합특별시,곡성군,0,2,13,15,12,6,0,0,9,5,24,0,53,전남,360000,360003,곡성군,2026-06
전남광주통합특별시,구례군,0,3,11,11,8,3,1,0,5,8,20,0,47,전남,360000,360006,구례군,2026-06
전남광주통합특별시,담양군,0,9,25,20,17,3,0,0,12,10,23,0,79,전남,360000,360008,담양군,2026-06
전남광주통합특별시,무안군,1,9,49,39,28,9,4,2,22,16,20,0,117,전남,360000,360009,무안군,2026-06
전남광주통합특별시,보성군,0,6,20,24,9,5,0,2,9,9,26,0,70,전남,360000,360010,보성군,2026-06
전남광주통합특별시,신안군,0,4,11,11,11,2,0,2,4,4,40,0,63,전남,360000,360012,신안군,2026-06
전남광주통합특별시,영광군,2,2,35,28,19,7,2,2,18,14,22,0,93,전남,360000,360014,영광군,2026-06
전남광주통합특별시,영암군,0,3,24,24,21,0,0,0,13,13,24,0,77,전남,360000,360015,영암군,2026-06
전남광주통합특별시,완도군,0,1,21,21,32,5,1,2,14,7,31,0,74,전남,360000,360016,완도군,2026-06
전남광주통합특별시,장성군,0,4,16,16,12,4,1,1,11,9,22,0,62,전남,360000,360017,장성군,2026-06
전남광주통합특별시,장흥군,1,3,24,16,18,2,2,1,9,9,20,0,66,전남,360000,360018,장흥군,2026-06
전남광주통합특별시,진도군,0,3,16,13,10,3,1,1,6,5,22,0,52,전남,360000,360019,진도군,2026-06
전남광주통합특별시,함평군,0,4,13,14,10,3,0,1,7,7,25,0,56,전남,360000,360020,함평군,2026-06
전남광주통합특별시,해남군,2,3,40,32,30,6,3,3,17,9,32,0,103,전남,360000,360021,해남군,2026-06
전남광주통합특별시,화순군,1,19,32,32,22,7,5,4,16,13,26,0,107,전남,360000,360022,화순군,2026-06
전남광주통합특별시,나주시,2,15,66,55,41,14,5,5,36,24,29,0,172,전남,360000,360200,나주시,2026-06
전남광주통합특별시,목포시,5,38,131,120,54,22,13,15,67,45,2,0,288,전남,360000,360300,목포시,2026-06
전남광주통합특별시,순천시,6,32,145,127,63,21,15,12,99,51,32,0,365,전남,360000,360400,순천시,2026-06
전남광주통합특별시,여수시,3,24,156,128,90,14,11,11,86,54,41,0,364,전남,360000,360500,여수시,2026-06
전남광주통합특별시,광양시,2,8,59,52,36,9,7,7,43,24,23,0,159,전남,360000,360700,광양시,2026-06
전남광주통합특별시,광주동구,3,27,120,100,43,15,8,10,57,31,1,0,239,전남,360000,360801,동구,2026-06
전남광주통합특별시,광주북구,6,75,283,203,153,45,22,18,192,83,1,0,640,전남,360000,360802,북구,2026-06
전남광주통합특별시,광주서구,5,52,282,156,83,36,20,19,149,90,2,0,580,전남,360000,360803,서구,2026-06
전남광주통합특별시,광주광산구,7,52,226,166,123,49,26,29,150,74,10,0,519,전남,360000,360804,광산구,2026-06
전남광주통합특별시,광주남구,4,40,153,112,78,31,13,16,104,50,3,0,354,전남,360000,360805,남구,2026-06
경상북도,고령군,0,2,12,11,3,0,0,0,9,6,18,0,47,경북,370000,370002,고령군,2026-06
경상북도,봉화군,0,2,8,11,8,0,1,0,4,4,17,0,35,경북,370000,370007,봉화군,2026-06
경상북도,성주군,0,6,15,16,15,2,2,0,10,10,21,0,62,경북,370000,370010,성주군,2026-06
경상북도,영덕군,0,3,18,23,8,2,2,1,10,7,22,0,60,경북,370000,370012,영덕군,2026-06
경상북도,영양군,0,1,1,4,0,0,0,0,3,2,14,0,21,경북,370000,370013,영양군,2026-06
경상북도,예천군,0,3,22,19,16,2,2,1,10,13,26,0,74,경북,370000,370017,예천군,2026-06
경상북도,울릉군,0,0,0,2,1,1,1,0,1,1,6,0,8,경북,370000,370018,울릉군,2026-06
경상북도,울진군,0,3,15,20,11,1,1,1,12,9,26,0,65,경북,370000,370019,울진군,2026-06
경상북도,의성군,0,8,18,21,11,3,2,1,9,8,39,0,82,경북,370000,370021,의성군,2026-06
경상북도,청도군,0,9,19,16,13,3,0,2,11,12,19,0,70,경북,370000,370022,청도군,2026-06
경상북도,청송군,0,1,11,11,6,2,1,0,5,7,15,0,39,경북,370000,370023,청송군,2026-06
경상북도,칠곡군,0,8,54,45,24,5,6,2,24,17,18,0,121,경북,370000,370024,칠곡군,2026-06
경상북도,경주시,1,23,125,124,44,12,8,8,60,69,29,0,307,경북,370000,370100,경주시,2026-06
경상북도,구미시,3,26,226,179,104,31,27,22,106,88,22,0,471,경북,370000,370200,구미시,2026-06
경상북도,김천시,2,5,59,49,25,9,6,6,34,25,32,0,157,경북,370000,370300,김천시,2026-06
경상북도,안동시,3,16,79,65,25,10,8,9,42,46,40,0,226,경북,370000,370400,안동시,2026-06
경상북도,영주시,1,11,51,39,17,8,2,6,30,26,24,0,143,경북,370000,370500,영주시,2026-06
경상북도,영천시,1,9,58,45,24,7,3,4,22,32,25,1,148,경북,370000,370600,영천시,2026-06
경상북도,포항남구,3,12,113,103,69,7,14,7,69,61,18,0,276,경북,370000,370701,포항시 남구,2026-06
경상북도,포항북구,2,31,178,132,61,22,15,13,98,68,20,0,397,경북,370000,370702,포항시 북구,2026-06
경상북도,문경시,1,3,40,42,21,8,2,4,24,19,23,0,110,경북,370000,370800,문경시,2026-06
경상북도,상주시,2,5,46,44,26,4,4,3,23,26,44,0,146,경북,370000,370900,상주시,2026-06
경상북도,경산시,2,16,163,120,95,21,17,12,82,68,19,0,350,경북,370000,371000,경산시,2026-06
경상남도,거창군,0,6,28,31,23,7,4,2,18,14,30,0,96,경남,380000,380002,거창군,2026-06
경상남도,고성군,0,5,19,17,15,4,1,1,11,8,26,0,69,경남,380000,380003,고성군,2026-06
경상남도,남해군,0,2,20,19,18,1,2,1,10,9,25,0,66,경남,380000,380005,남해군,2026-06
경상남도,산청군,0,1,16,16,15,6,0,1,6,13,25,0,61,경남,380000,380008,산청군,2026-06
경상남도,의령군,0,3,10,10,10,2,0,0,6,6,22,0,47,경남,380000,380011,의령군,2026-06
경상남도,창녕군,0,11,28,28,20,5,1,1,14,10,33,0,96,경남,380000,380014,창녕군,2026-06
경상남도,하동군,0,3,19,15,14,5,0,1,11,9,31,0,73,경남,380000,380016,하동군,2026-06
경상남도,함안군,0,5,22,25,20,2,0,2,16,12,16,0,71,경남,380000,380017,함안군,2026-06
경상남도,함양군,0,1,21,19,16,3,1,0,11,11,22,0,66,경남,380000,380018,함양군,2026-06
경상남도,합천군,0,4,16,15,24,11,1,1,10,12,32,0,74,경남,380000,380019,합천군,2026-06
경상남도,김해시,4,62,263,200,153,29,40,22,143,113,10,0,595,경남,380000,380100,김해시,2026-06
경상남도,사천시,0,13,49,49,32,7,5,4,34,28,19,0,143,경남,380000,380300,사천시,2026-06
경상남도,진주시,4,30,212,177,99,23,29,16,118,99,27,0,490,경남,380000,380500,진주시,2026-06
경상남도,창원마산회원구,2,20,127,86,66,17,9,14,61,43,2,1,256,경남,380000,380701,창원시 마산회원구,2026-06
경상남도,창원마산합포구,3,24,97,78,50,14,5,11,61,49,8,0,242,경남,380000,380702,창원시 마산합포구,2026-06
경상남도,창원진해구,1,16,92,75,41,6,13,3,50,39,2,0,200,경남,380000,380703,창원시 진해구,2026-06
경상남도,창원의창구,2,25,111,110,59,14,15,11,66,55,5,0,264,경남,380000,380704,창원시 의창구,2026-06
경상남도,창원성산구,2,21,181,96,54,22,12,11,110,85,1,0,400,경남,380000,380705,창원시 성산구,2026-06
경상남도,통영시,1,9,72,60,34,9,7,4,33,25,22,0,162,경남,380000,380800,통영시,2026-06
경상남도,밀양시,0,14,47,48,31,8,3,5,24,27,25,0,137,경남,380000,380900,밀양시,2026-06
경상남도,거제시,3,13,103,84,67,14,12,9,56,41,23,0,239,경남,380000,381000,거제시,2026-06
경상남도,양산시,3,38,198,154,127,26,27,14,95,87,8,0,429,경남,380000,381100,양산시,2026-06
제주특별자치도,서귀포시,1,3,126,79,53,13,8,10,59,55,33,0,277,제주,390000,390100,서귀포시,2026-06
제주특별자치도,제주시,5,19,382,252,142,38,38,30,190,146,32,1,775,제주,390000,390200,제주시,2026-06
세종특별자치시,세종시,2,14,234,164,116,29,30,13,101,100,18,0,469,세종시,410000,410000,한누리대로,2026-06
